-- @block
INSERT INTO Conversa (ID_Con, Data) VALUES
    (1, '2025-01-01 09:00:00'),
    (2, '2025-01-02 09:00:00'),
    (3, '2025-01-03 09:00:00'),
    (4, '2025-01-04 09:00:00'),
    (5, '2025-01-05 09:00:00'),
    (6, '2025-01-06 09:00:00'),
    (7, '2025-01-07 09:00:00'),
    (8, '2025-01-08 09:00:00'),
    (9, '2025-01-09 09:00:00'),
    (10, '2025-01-10 09:00:00');

-- @block
INSERT INTO Mensagem (ID_Msg, Autor_ID, Data, Texto, Conversa_ID, ID_Story_Ref, ID_Msg_Ref) VALUES
    (1, 1, '2025-01-01 10:00:00', 'Oi!', 1, NULL, NULL),
    (2, 2, '2025-01-02 10:00:00', 'Tudo bem?', 1, 1, NULL),
    (3, 3, '2025-01-03 10:00:00', 'Olá!', 2, NULL, NULL),
    (4, 4, '2025-01-04 10:00:00', 'Como vai?', 2, NULL, 3),
    (5, 5, '2025-01-05 10:00:00', 'Bom dia!', 3, NULL, NULL),
    (6, 6, '2025-01-06 10:00:00', 'Tudo certo!', 3, 5, NULL),
    (7, 7, '2025-01-07 10:00:00', 'Oi gente!', 4, NULL, NULL),
    (8, 8, '2025-01-08 10:00:00', 'E aí?', 4, NULL, 7),
    (9, 9, '2025-01-09 10:00:00', 'Olá a todos!', 5, NULL, NULL),
    (10, 10, '2025-01-10 10:00:00', 'Até logo!', 5, 9, NULL);

-- @block
INSERT INTO Participacao (ID_Con, ID_Per) VALUES
    (1, 1),
    (2, 3),
    (3, 5),
    (3, 6),
    (4, 7),
    (5, 9),
    (5, 10),
    (6, 1),
    (6, 2),
    (7, 3),
    (7, 4),
    (8, 5),
    (8, 6),
    (9, 7),
    (9, 8),
    (10, 9),
    (10, 10);

-- @block
INSERT INTO Reagir (Perfil_ID, Emoji, Data, Mensagem_ID, Story_ID) VALUES
    (2, '😂', '2025-01-02 10:00:00', 1, NULL),
    (3, '👍', '2025-01-03 10:00:00', NULL, 2),
    (5, '😍', '2025-01-05 10:00:00', 4, NULL),
    (6, '🔥', '2025-01-06 10:00:00', NULL, 5),
    (8, '😲', '2025-01-08 10:00:00', 7, NULL),
    (9, '😎', '2025-01-09 10:00:00', NULL, 8);

